epoch,train_loss,train_acc,val_loss,val_acc
1,1.7700845730463663,0.33586666666666665,1.5164369113922118,0.4364
2,1.397985149553087,0.4837111111111111,1.4005545707702636,0.5016
3,1.2019232450697157,0.5620888888888889,1.0556532361984252,0.6204
4,1.0648653609169854,0.6179777777777777,0.9907255254745483,0.648
5,0.9752908443450927,0.6505111111111112,0.8852014518737793,0.6814
6,0.9140659857643976,0.6735111111111111,1.0103463550567626,0.642
7,0.8531150898403591,0.6959333333333333,0.8210425782203674,0.705
8,0.7964762662993538,0.7153111111111111,0.7656404732704163,0.7292
9,0.7406006984816658,0.7379555555555556,0.6979967691421509,0.7532
10,0.7052637956089444,0.7522222222222222,0.6597454979896545,0.7618
11,0.6562403524186876,0.7692888888888889,0.6663036038398743,0.7612
12,0.6362907846662733,0.7768888888888889,0.6531721147537232,0.7704
13,0.6036888456662496,0.7881333333333334,0.5900076118469239,0.7948
14,0.5760863741715749,0.7978,0.5682309009552002,0.8016
15,0.5488700962543488,0.8079111111111111,0.5548981481552124,0.8052
16,0.5225967330296835,0.8170888888888889,0.5760238361358643,0.8062
17,0.513243879005644,0.8203555555555555,0.5582390036582947,0.8088
18,0.4879725658098857,0.8289111111111112,0.5224036060333251,0.8234
19,0.4670044586075677,0.8373111111111111,0.5048810709953309,0.8206
20,0.45515824483765494,0.8417111111111111,0.5062225566864014,0.8216
21,0.4455242201169332,0.8445333333333334,0.495089145565033,0.8294
22,0.431257565524843,0.8487333333333333,0.4917951211929321,0.827
23,0.4215459672715929,0.8523555555555555,0.487043333530426,0.8282
24,0.4156919614420997,0.8545555555555555,0.4869890128135681,0.8292
25,0.41273502306408355,0.8546666666666667,0.48421797723770144,0.8314
