experiment_set,run_name,num_blocks,use_bn,dropout,activation,num_params,epochs,train_time_s,final_train_loss,final_val_loss,best_val_acc,test_acc
bn_dropout,reg_none,3,False,0.0,relu,814122,25,418.2,0.4127,0.4842,0.8314,0.8347
bn_dropout,reg_dropout_only,3,False,0.5,relu,814122,25,396.1,0.4979,0.5191,0.8186,0.8182
bn_dropout,reg_bn_only,3,True,0.0,relu,814570,25,413.2,0.1745,0.326,0.8928,0.8872
bn_dropout,reg_bn_dropout,3,True,0.5,relu,814570,25,415.7,0.2552,0.3362,0.8856,0.8826
depth,depth_1block,1,True,0.5,relu,2110186,25,255.7,1.0875,0.8313,0.7048,0.7042
depth,depth_2block,2,True,0.5,relu,1117162,25,366.0,0.5858,0.4774,0.8296,0.8271
depth,depth_3block,3,True,0.5,relu,814570,25,497.7,0.2552,0.3362,0.8856,0.8826
depth,depth_4block,4,True,0.5,relu,1438186,25,543.3,0.1667,0.3326,0.8956,0.8923
activation,act_relu,3,True,0.5,relu,814570,25,522.0,0.2552,0.3362,0.8856,0.8826
activation,act_leaky_relu,3,True,0.5,leaky_relu,814570,25,470.8,0.2333,0.3482,0.8842,0.8827
activation,act_elu,3,True,0.5,elu,814570,25,495.8,0.3674,0.3725,0.875,0.8643
activation,act_tanh,3,True,0.5,tanh,814570,25,561.1,0.4796,0.463,0.8432,0.8255
activation,act_sigmoid,3,True,0.5,sigmoid,814570,25,562.5,0.8272,0.7426,0.7312,0.7235
vanishing,vg_sigmoid_no_bn,3,False,0.5,sigmoid,814122,25,600.6,2.3028,2.3026,0.1,0.1
vanishing,vg_sigmoid_bn,3,True,0.5,sigmoid,814570,25,605.2,0.8272,0.7426,0.7312,0.7235
